{
  "box" : { "length" : 80.0, "width" : 80.0, "height" : 80.0, "originX" : 40.0, "originY" : 40.0, "originZ" : 40.0 },
  "shape" : { "color" : [ 0.48294118, 0.41960784, 0.41862745 ], "vertices" : [ -40.0, 10.0, 0.0, -20.0, 20.0, 0.0, -10.0, 40.0, 0.0, 0.0, 20.0, 0.0, 30.0, 40.0, 0.0, 20.0, 10.0, 0.0, 40.0, 0.0, 0.0, 40.0, -30.0, 0.0, 10.0, -30.0, 0.0, 0.0, -40.0, 0.0, -30.0, -40.0, 0.0, -40.0, -20.0, 0.0 ] },
  "sprite" : { "sheet" : "textures/sprites.png", "left" : 0.2197265625, "top" : 0.064453125, "right" : 0.3115234375, "bottom" : 0.248046875},
  "materials" : [ { "numindices" : 264, "diffuse" : "textures/asteroid_A-diff.png", "emissive" : "textures/asteroid_A-em.png" } ],
  "indices" : [ 20, 27, 34, 23, 21, 24, 12, 13, 16, 16, 13, 23, 13, 14, 21, 12, 0, 13, 13, 0, 14, 1, 14, 20, 12, 18, 0, 15, 23, 22, 18, 16, 15, 18, 12, 16, 16, 23, 15, 19, 18, 17, 15, 22, 17, 17, 18, 15, 0, 19, 14, 14, 19, 20, 20, 19, 27, 19, 17, 27, 18, 19, 0, 27, 17, 4, 46, 47, 28, 28, 47, 36, 1, 20, 34, 21, 14, 1, 29, 21, 2, 29, 24, 21, 23, 13, 21, 31, 3, 40, 48, 22, 49, 22, 23, 49, 23, 24, 49, 49, 24, 29, 32, 50, 25, 4, 17, 51, 51, 17, 22, 5, 52, 26, 26, 52, 50, 46, 6, 53, 53, 6, 7, 46, 28, 6, 28, 36, 6, 3, 37, 40, 54, 37, 3, 37, 54, 10, 54, 53, 10, 53, 7, 10, 25, 30, 43, 30, 39, 43, 30, 40, 39, 25, 31, 30, 51, 22, 48, 30, 31, 40, 26, 32, 5, 50, 32, 26, 32, 41, 5, 32, 33, 41, 32, 25, 33, 33, 25, 43, 47, 8, 36, 47, 55, 8, 55, 5, 8, 8, 5, 45, 55, 52, 5, 38, 9, 11, 10, 35, 9, 36, 44, 9, 35, 36, 9, 7, 6, 35, 35, 6, 36, 40, 37, 38, 37, 10, 38, 10, 9, 38, 10, 7, 35, 11, 42, 38, 42, 39, 38, 39, 40, 38, 42, 43, 39, 45, 41, 11, 41, 42, 11, 45, 5, 41, 41, 33, 42, 33, 43, 42, 9, 44, 11, 44, 45, 11, 36, 45, 44, 36, 8, 45 ],
  "vertexPositions" : [ 9.975236, -0.615563, -34.197563, 35.480610, 2.387297, 4.379091, 18.401054, -41.216324, 7.520889, -13.916427, -13.189127, 9.020782, -14.068323, 35.812916, -6.331046, 8.132408, 24.395180, 11.745257, 40.373074, -30.598396, 19.336374, 27.167904, -41.427177, 22.269699, 33.279804, 6.760003, 14.507266, 20.002972, -21.225952, 39.180557, 6.514996, -32.543968, 31.519453, 3.952548, 5.493583, 30.747194, -9.838465, -17.506681, -38.580627, 14.893922, -24.669054, -21.105032, 26.283451, 2.362799, -22.981157, -27.092327, -11.899452, -19.185694, -19.675867, -23.836729, -32.392696, -19.987877, 17.609161, -15.199795, -21.110607, -7.889482, -39.294670, 4.283178, 18.095205, -26.987022, 35.540909, 18.658789, -11.544958, 16.688753, -26.138569, -1.703273, -26.243828, -5.032412, -5.009522, -8.351501, -24.625265, -17.835508, -7.214043, -30.623665, -7.172164, -32.232483, 20.964622, 1.946974, 7.754306, 31.735113, 1.083977, 10.493479, 27.012184, -11.445204, 31.880171, -12.696055, 11.378857, -5.169154, -31.457100, 7.241668, -35.576550, 2.453006, 14.403399, -27.450409, -2.776031, 8.577570, -18.547838, 32.188828, 3.039789, -27.518446, 40.509705, 19.936781, 36.128101, 17.876461, 2.078860, 26.790127, -27.685078, 33.723465, 27.366081, -2.925376, 23.038715, -13.628325, -24.271210, 18.683994, -17.993601, -8.269190, 27.152435, -31.008871, 13.192825, 28.384275, -26.110239, -10.066137, 16.824383, -4.680020, 26.897663, 27.218084, -30.613548, 28.356340, 36.911213, -39.581341, 31.918318, 28.396393, 21.881844, 3.549200, 29.814875, 9.290417, 13.957346, 19.849779, 16.688753, -26.138569, -1.703273, 35.480610, 2.387297, 4.379091, -27.450409, -2.776031, 8.577570, -13.916427, -13.189127, 9.020782, -14.068323, 35.812916, -6.331046, -32.232483, 20.964622, 1.946974, 10.493479, 27.012184, -11.445204, 18.401054, -41.216324, 7.520889, -5.169154, -31.457100, 7.241668, 36.128101, 17.876461, 2.078860 ],
  "vertexNormals" : [ 0.392773, 0.085635, -0.915616, 0.970336, -0.240669, -0.022706, 0.069674, -0.877773, -0.473952, -0.743370, -0.626026, -0.235389, -0.220771, 0.910855, -0.348613, 0.427747, 0.793451, 0.432966, 0.969024, -0.246956, 0.000458, 0.293771, -0.916440, 0.271615, 0.770348, 0.229438, 0.594897, 0.238502, -0.072695, 0.968383, -0.337382, -0.679678, 0.651265, 0.130650, 0.301828, 0.944334, 0.120182, -0.416791, -0.900998, 0.525040, -0.752739, -0.397076, 0.743614, -0.079989, -0.663778, -0.944212, -0.321268, 0.072268, -0.509079, -0.787103, -0.348247, -0.621296, 0.469680, -0.627155, -0.565447, 0.125309, -0.815180, 0.042116, 0.680135, -0.731834, 0.789270, 0.481521, -0.380993, 0.500748, -0.664876, -0.554186, -0.922483, -0.385998, -0.000610, -0.334086, -0.942534, 0.001190, -0.438307, -0.866268, -0.239631, -0.847530, 0.248360, -0.469008, 0.577349, 0.793481, 0.192358, 0.245949, 0.899777, -0.360332, 0.961608, -0.012177, -0.274117, -0.528245, -0.844417, -0.088595, -0.910794, -0.407025, -0.068758, -0.765404, -0.563555, -0.310678, -0.204077, 0.977264, -0.057375, -0.133427, 0.990570, -0.030580, 0.787408, 0.564928, 0.246559, 0.511490, -0.266305, 0.816950, 0.818171, 0.305002, 0.487381, -0.743065, -0.655843, 0.133030, -0.466811, -0.341838, 0.815577, -0.680319, -0.382702, 0.625019, -0.751518, -0.658071, 0.045900, 0.484298, 0.676290, 0.555010, -0.256661, 0.263009, 0.929991, -0.859462, 0.405133, 0.311655, 0.579882, 0.604266, 0.546373, 0.498337, 0.587603, 0.637440, 0.500748, -0.664876, -0.554186, 0.970336, -0.240669, -0.022706, -0.765404, -0.563555, -0.310678, -0.743370, -0.626026, -0.235389, -0.220771, 0.910855, -0.348613, -0.847530, 0.248360, -0.469008, 0.245949, 0.899777, -0.360332, 0.069674, -0.877773, -0.473952, -0.528245, -0.844417, -0.088595, 0.787408, 0.564928, 0.246559 ],
  "vertexTextureCoords" : [ 0.293976, 0.381841, -0.093775, -0.836149, 1.700401, -0.494774, 1.756525, -0.006443, -0.473834, 1.507833, 0.075746, 1.116488, 0.127494, -0.381595, 0.328077, -0.460638, -0.389850, 0.360204, 0.400864, -0.079016, 0.658839, -0.271273, 0.484813, 0.515317, 0.558165, 0.559244, 0.725360, 0.149178, 0.137357, 0.015115, 0.711562, 0.862955, 0.665897, 0.639802, 0.145054, 1.257339, 0.508705, 0.698846, -0.047435, 0.590353, -0.325166, -0.123829, 1.117473, -0.303883, 0.878572, 1.187784, 0.893570, 0.512006, 1.178766, 0.431020, 1.509187, 1.618453, 0.021458, 1.489359, -0.604938, 0.556389, -0.230572, -0.198687, 1.597975, 0.380470, 1.435039, 0.848625, 1.766073, 0.671661, 0.799911, 1.666232, 0.906656, 1.193542, -0.604938, -0.444115, 0.319230, -0.221102, -0.054002, 0.175271, 1.245043, -0.109578, 1.111440, 0.373624, 1.091064, 0.863726, 1.465417, 0.412732, 0.572608, 1.001272, 0.933086, 1.007039, 1.014855, 1.082574, 0.168595, 0.309359, 0.182949, 0.742826, -0.331526, -1.002592, -0.682195, 0.146039, 1.142290, 1.531261, 1.493086, 1.068764, 0.582202, 2.015564, 0.333674, 1.910563, -0.369034, 1.729101, 0.358319, -1.002592, 1.314029, -0.670169, -0.813793, 0.700842 ]
}