{
  "box" : { "length" : 80.0, "width" : 80.0, "height" : 80.0, "originX" : 40.0, "originY" : 40.0, "originZ" : 40.0 },
  "shape" : { "color" : [ 0.55294118, 0.41960784, 0.36862745], "vertices" : [ -40.0, 10.0, 0.0, -20.0, 20.0, 0.0, -10.0, 40.0, 0.0, 0.0, 20.0, 0.0, 30.0, 40.0, 0.0, 20.0, 10.0, 0.0, 40.0, 0.0, 0.0, 40.0, -30.0, 0.0, 10.0, -30.0, 0.0, 0.0, -40.0, 0.0, -30.0, -40.0, 0.0, -40.0, -20.0, 0.0 ] },
  "sprite" : { "sheet" : "textures/sprites.png", "left" : 0.0, "top" : 0.0, "right" : 0.0, "bottom" : 0.0},
  "materials" : [ { "numindices" : 264, "diffuse" : "textures/asteroid_E-diff.png", "emissive" : "textures/asteroid_E-em.png" } ],
  "indices" : [ 0, 26, 21, 14, 28, 4, 17, 20, 28, 14, 17, 28, 10, 21, 20, 17, 10, 20, 10, 0, 21, 17, 12, 10, 19, 12, 11, 0, 10, 12, 16, 22, 1, 16, 13, 22, 15, 13, 16, 15, 14, 13, 14, 4, 13, 17, 15, 5, 5, 15, 32, 15, 23, 32, 16, 1, 23, 15, 16, 23, 17, 14, 15, 12, 17, 11, 17, 5, 11, 26, 18, 25, 18, 19, 33, 0, 12, 26, 26, 12, 18, 12, 19, 18, 48, 49, 37, 49, 3, 37, 3, 50, 2, 49, 50, 3, 46, 51, 29, 29, 51, 38, 22, 13, 4, 6, 52, 7, 53, 32, 23, 52, 54, 7, 47, 46, 30, 34, 24, 44, 24, 6, 44, 55, 5, 53, 11, 5, 55, 19, 11, 55, 2, 36, 3, 21, 26, 56, 2, 57, 36, 26, 25, 56, 4, 27, 22, 51, 58, 38, 58, 48, 8, 48, 37, 8, 4, 28, 27, 29, 41, 47, 47, 30, 29, 30, 46, 29, 44, 31, 43, 6, 31, 44, 5, 32, 53, 6, 7, 31, 18, 33, 25, 59, 34, 57, 24, 34, 59, 19, 55, 33, 8, 35, 9, 35, 45, 9, 8, 36, 35, 35, 57, 45, 37, 3, 36, 36, 57, 35, 39, 8, 9, 58, 8, 40, 8, 37, 36, 40, 38, 58, 39, 40, 8, 41, 40, 39, 41, 38, 40, 41, 29, 38, 42, 39, 9, 42, 43, 39, 42, 44, 43, 43, 31, 39, 31, 7, 39, 39, 47, 41, 9, 45, 42, 45, 34, 42, 57, 34, 45, 34, 44, 42 ],
  "vertexPositions" : [ 32.168667, -25.503351, -17.958118, -24.787895, -12.125281, -12.180462, 24.469109, -40.556557, 14.085980, 7.596689, -37.536331, 18.484921, -17.494183, -38.887493, -15.783111, -11.014538, 13.886466, -5.777245, -20.486908, 39.276131, 10.359846, -37.413200, 14.270955, 20.200186, -4.219366, -17.588753, 21.258282, 3.689569, -4.431330, 21.993540, 13.521973, -17.824259, -8.079891, 10.746160, 14.982461, -20.144186, 28.741924, -13.417195, -27.159546, -22.501579, -35.929855, -26.080482, -13.438889, -17.762329, -35.717556, -19.632286, -0.078562, -37.638721, -27.528645, -13.955687, -34.088802, -4.558389, -6.548724, -19.202866, 40.087738, -7.468700, -1.146817, 28.660490, 5.700114, -15.074220, -0.789676, -24.076611, -0.587962, 17.877829, -39.755970, -5.024652, -31.054413, -33.743061, 5.445456, -38.951283, 17.025503, -14.891963, 16.246056, 29.035414, 4.307638, 36.554176, -2.906761, 32.804939, 36.739162, -31.546112, -8.532681, -15.493913, -38.846657, 26.675652, -6.847448, -26.170162, -1.269602, -33.482327, -15.457031, 25.537985, -28.001369, -0.558434, -1.365814, -27.701330, 25.822422, 20.246704, -30.393465, 22.251158, -21.227825, 33.185375, 13.034457, 11.516996, 27.834299, 18.848326, 29.823296, 15.248261, -16.471655, 35.485989, 18.567780, -32.258831, 29.499456, -1.601659, -23.479660, 13.943082, -24.561642, -30.640923, 34.705219, -11.635293, -2.875343, 19.283293, -19.905411, -18.338295, 39.591381, -32.865990, 1.366497, 28.758638, 4.072086, 13.013308, 39.623714, -10.259151, 26.401028, 35.013882, -4.387765, 38.409740, 30.544136, 17.493614, -0.939531, 24.423096, -24.787895, -12.125281, -12.180462, -37.413200, 14.270955, 20.200186, -6.847448, -26.170162, -1.269602, -0.789676, -24.076611, -0.587962, 17.877829, -39.755970, -5.024652, -31.054413, -33.743061, 5.445456, -38.951283, 17.025503, -14.891963, -20.486908, 39.276131, 10.359846, -24.787895, -12.125281, -12.180462, 16.246056, 29.035414, 4.307638, 24.469109, -40.556557, 14.085980, 36.554176, -2.906761, 32.804939, -15.493913, -38.846657, 26.675652, 33.185375, 13.034457, 11.516996 ],
  "vertexNormals" : [ 0.288552, -0.501602, -0.815516, -0.992340, -0.074007, 0.098727, 0.406201, -0.876522, 0.258187, -0.570544, -0.734275, 0.367809, 0.321055, -0.923734, -0.208808, 0.220099, 0.680227, -0.699118, -0.303262, 0.942045, -0.143254, -0.744377, 0.199164, 0.637318, 0.169683, -0.297220, 0.939604, -0.289041, -0.176611, 0.940855, -0.352031, -0.584124, -0.731315, -0.033723, 0.610492, -0.791253, 0.317545, -0.218665, -0.922666, -0.240242, -0.763939, -0.598865, 0.417066, -0.277718, -0.865383, 0.126652, 0.341044, -0.931455, -0.633656, -0.240852, -0.735130, 0.464400, -0.085452, -0.881466, 0.980956, 0.126347, -0.147465, 0.687948, 0.506943, -0.519303, -0.139225, -0.842891, -0.519700, -0.222175, -0.824305, -0.520707, -0.843349, -0.536637, -0.027436, -0.945433, 0.206153, -0.252266, 0.394269, 0.857814, -0.329691, 0.636647, 0.090426, 0.765801, 0.773278, -0.569811, -0.277993, 0.301340, -0.859767, 0.412214, 0.688467, -0.698996, -0.193274, -0.960021, -0.147710, 0.237648, -0.352733, -0.752159, 0.556566, -0.632191, 0.377575, 0.676565, -0.149480, 0.725242, -0.672048, 0.849391, 0.522629, -0.073122, 0.632069, 0.453536, 0.628254, -0.228278, 0.011963, 0.973510, 0.068392, -0.621601, 0.780297, -0.668935, -0.683676, 0.291665, -0.417737, -0.548173, 0.724540, 0.058748, 0.071535, 0.995697, 0.138188, 0.081851, 0.986999, -0.368664, 0.390973, 0.843318, -0.014283, -0.212226, 0.977111, -0.442366, 0.135533, 0.886502, 0.018342, 0.849788, 0.526780, -0.128452, 0.023835, 0.991424, -0.982452, -0.008454, -0.186285, -0.881710, 0.227699, 0.413160, 0.688467, -0.698996, -0.193274, -0.139225, -0.842891, -0.519700, -0.222175, -0.824305, -0.520707, -0.843349, -0.536637, -0.027436, -0.945433, 0.206153, -0.252266, -0.303262, 0.942045, -0.143254, -0.992340, -0.074007, 0.098727, 0.394269, 0.857814, -0.329691, 0.406201, -0.876522, 0.258187, 0.636647, 0.090426, 0.765801, 0.301340, -0.859767, 0.412214, 0.849391, 0.522629, -0.073122 ],
  "vertexTextureCoords" : [ 0.380428, 0.883196, 0.310966, -0.937079, 1.884011, 0.266705, 1.577236, 0.537831, 0.047743, -0.418924, 1.206134, -0.056820, -0.416602, -0.223547, -0.309814, 0.528237, 0.936892, 0.763643, 0.751059, 0.295758, 0.219867, 0.511913, 1.013165, 0.440561, 0.560494, 0.732535, 0.207718, -0.495615, 0.424965, -0.360312, 0.644389, -0.449470, 0.469484, -0.569225, 0.572583, 0.034293, 0.741399, 1.160283, 0.909213, 0.794632, -0.107901, 0.253803, -0.127109, 0.907744, -0.344219, -0.904101, 1.082570, -0.937078, 0.154014, -0.884336, 0.915889, 1.974917, 0.294537, 1.064411, -1.096371, -0.408907, -0.159500, 0.111391, 0.130369, 1.212498, -0.379960, 1.284451, -0.243431, 0.176414, 1.086544, -0.638638, 1.325987, 1.297062, 0.651794, -0.454219, 1.182796, 0.150261, 1.464086, 0.243423, 1.241235, 0.869170, 0.414946, 1.297133, 0.442584, 0.543512, 0.430078, 1.093024, 0.029503, 0.920308, 0.432755, -0.059217, 0.142428, -0.037983, 0.075482, -0.237640, 0.860600, -0.025493, -0.543107, 1.645907, -0.301763, 0.758290, 1.474427, 1.280198, 1.568739, 1.148401, 2.156204, 0.757110, 0.120987, 1.774542, -1.133174, 0.350025, 1.977135, -0.417372, -1.164404, 1.127004, 1.664279, 0.672390, -0.142085, 1.472581, 1.180549, -0.389777, 0.654935, 1.459401, 0.747727, -0.884336 ]
}