{
  "box" : { "length" : 80.0, "width" : 80.0, "height" : 80.0, "originX" : 40.0, "originY" : 40.0, "originZ" : 40.0 },
  "shape" : { "color" : [ 0.55294118, 0.41960784, 0.36862745], "vertices" : [ 20.0, -40.0, 0.0, 10.0, -10.0, 0.0, 30.0, -20.0, 0.0, 40.0, 0.0, 0.0, 40.0, 10.0, 0.0, 20.0, 40.0, 0.0, -10.0, 40.0, 0.0, -20.0, 30.0, 0.0, -30.0, 30.0, 0.0, -40, 2, 0.0, -40, -10, 0.0, -20.0, -40.0, 0.0, -10.0, -20.0, 0.0 ] },
  "sprite" : { "sheet" : "textures/sprites.png", "left" : 0.0, "top" : 0.0, "right" : 0.0, "bottom" : 0.0},
  "materials" : [ { "numindices" : 264, "diffuse" : "textures/asteroid_D-diff.png", "emissive" : "textures/asteroid_D-em.png" } ],
  "indices" : [ 16, 11, 1, 18, 11, 16, 18, 12, 11, 12, 0, 11, 22, 14, 21, 21, 14, 13, 14, 18, 13, 12, 14, 22, 12, 18, 14, 15, 26, 28, 28, 26, 25, 15, 16, 26, 18, 16, 15, 19, 17, 27, 18, 17, 19, 17, 28, 27, 15, 28, 17, 17, 18, 15, 13, 30, 21, 13, 19, 30, 18, 19, 13, 31, 20, 37, 37, 20, 44, 46, 47, 31, 31, 47, 20, 12, 22, 48, 22, 21, 48, 32, 23, 33, 1, 49, 50, 23, 46, 33, 1, 11, 49, 11, 0, 49, 25, 24, 4, 26, 24, 25, 26, 16, 24, 16, 1, 24, 6, 2, 41, 30, 2, 6, 30, 27, 2, 2, 28, 5, 27, 28, 2, 29, 30, 34, 21, 30, 29, 19, 27, 30, 46, 31, 33, 33, 31, 38, 31, 37, 38, 51, 39, 52, 1, 50, 24, 51, 32, 39, 32, 33, 39, 2, 5, 41, 5, 4, 41, 28, 25, 5, 5, 25, 4, 53, 54, 35, 35, 54, 3, 54, 55, 3, 30, 6, 34, 20, 35, 44, 35, 45, 44, 21, 29, 48, 20, 53, 35, 35, 3, 45, 36, 44, 7, 36, 37, 44, 33, 38, 36, 36, 38, 37, 9, 39, 8, 8, 36, 7, 39, 36, 8, 39, 33, 36, 9, 52, 39, 40, 8, 10, 40, 9, 8, 56, 52, 40, 40, 52, 9, 43, 10, 8, 43, 42, 10, 42, 40, 10, 42, 56, 40, 43, 3, 42, 3, 55, 42, 42, 55, 56, 7, 43, 8, 44, 43, 7, 45, 3, 43, 44, 45, 43 ],
  "vertexPositions" : [ 28.377123, -29.374577, -9.871499, -12.981934, -36.543896, -20.981436, -35.920544, 24.554005, 2.727767, 2.926173, 37.625515, 19.862989, -36.165283, -17.050573, 14.363953, -41.744686, 0.584748, -6.773340, -22.501705, 30.594494, 17.609280, 7.830721, -5.836775, 43.123302, -9.863111, -10.156880, 39.448059, -23.593864, -17.262753, 22.244513, -9.734878, 6.689760, 28.984722, 5.730579, -24.210354, -33.944912, 30.493820, -16.054768, -21.447866, 24.319002, 16.195911, -30.317295, 20.871115, -2.000498, -36.607853, -17.367130, -0.792596, -37.082851, -12.855782, -23.642767, -31.680204, -18.305227, 18.999380, -35.178154, -5.018985, 1.865195, -43.605629, -3.404911, 30.942860, -27.006721, 39.590542, 14.013039, -6.767957, 32.895340, 19.821012, -16.997652, 28.868139, 2.076149, -16.018810, 10.686485, -41.799873, -0.621890, -29.092295, -32.202755, -4.089875, -39.136795, -11.668972, -5.663887, -20.866488, -11.186299, -16.014446, -14.292642, 34.555874, -20.540405, -37.084518, 5.304706, -20.547590, 13.331781, 39.369217, -6.463834, -4.341361, 32.713928, -11.153982, 37.018898, -16.581156, 0.270047, -5.143038, -42.621841, -0.505519, 10.968021, -36.345585, 21.045155, -0.603077, 41.690460, 7.673294, 21.824865, 35.812344, 12.924495, 15.828237, -17.840115, 34.363178, 37.220875, -1.700935, 22.113216, 34.434868, -13.152002, 20.155552, -13.381705, -28.324802, 26.829185, -26.164217, -0.886710, 32.875286, -27.272461, 22.284624, 23.286674, -10.527531, 26.080296, 28.848703, 6.970899, 16.698248, 39.725346, 36.258770, 12.894250, 21.727228, 22.132061, 25.170963, 26.245138, 28.377123, -29.374577, -9.871499, 30.493820, -16.054768, -21.447866, 39.590542, 14.013039, -6.767957, 10.686485, -41.799873, -0.621890, -5.143038, -42.621841, -0.505519, -29.092295, -32.202755, -4.089875, -36.165283, -17.050573, 14.363953, 13.331781, 39.369217, -6.463834, -0.603077, 41.690460, 7.673294, -22.501705, 30.594494, 17.609280, -27.272461, 22.284624, 23.286674 ],
  "vertexNormals" : [ 0.673513, -0.703635, -0.226325, -0.296548, -0.804773, -0.514145, -0.806330, 0.588702, 0.056734, 0.011505, 0.854244, 0.519700, -0.838832, -0.352672, 0.414624, -0.998321, 0.017701, -0.054598, -0.459700, 0.832606, 0.308847, 0.185553, -0.161199, 0.969298, -0.333689, -0.185583, 0.924223, -0.548845, -0.350810, 0.758721, -0.255165, 0.243843, 0.935606, 0.250587, -0.532365, -0.808527, 0.761803, -0.277993, -0.585101, 0.544481, 0.482986, -0.685751, 0.502487, -0.236274, -0.831660, -0.617908, -0.212928, -0.756828, -0.527421, -0.413526, -0.742119, -0.429792, 0.448897, -0.783410, -0.042940, 0.024659, -0.998749, 0.204382, 0.825404, -0.526200, 0.936705, 0.257973, -0.236671, 0.752312, 0.470412, -0.461196, 0.768761, 0.066164, -0.636067, 0.325419, -0.943114, -0.068087, -0.722221, -0.672903, -0.159886, -0.852107, -0.385968, -0.353374, -0.727805, -0.351878, -0.588580, -0.267037, 0.931333, -0.247536, -0.824152, -0.014649, -0.566149, 0.233528, 0.865413, -0.443281, -0.037538, 0.974029, -0.223182, 0.919218, -0.393689, -0.000122, -0.169164, -0.984069, 0.054140, 0.273110, -0.817194, 0.507523, -0.188543, 0.982025, 0.004578, 0.535417, 0.812433, 0.230689, 0.390637, -0.454024, 0.800775, 0.843379, -0.067690, 0.533006, 0.786401, -0.444349, 0.429029, -0.367656, -0.662709, 0.652364, -0.571245, 0.011567, 0.820673, -0.674551, 0.415387, 0.610218, -0.273324, 0.509110, 0.816126, 0.032228, 0.374828, 0.926511, 0.825434, 0.280740, 0.489669, 0.478866, 0.573840, 0.664327, 0.673513, -0.703635, -0.226325, 0.761803, -0.277993, -0.585101, 0.936705, 0.257973, -0.236671, 0.325419, -0.943114, -0.068087, -0.169164, -0.984069, 0.054140, -0.722221, -0.672903, -0.159886, -0.838832, -0.352672, 0.414624, 0.233528, 0.865413, -0.443281, -0.188543, 0.982025, 0.004578, -0.459700, 0.832606, 0.308847, -0.674551, 0.415387, 0.610218 ],
  "vertexTextureCoords" : [ 0.332060, -1.034073, -0.172758, 0.081479, 0.723089, 1.410790, -0.404490, 0.202275, -0.478277, 1.501644, 0.219662, 1.157473, 1.083180, 1.863474, 0.554551, 0.267257, 0.675564, -0.026406, 0.988007, -0.394681, 0.335444, -0.114651, 0.340330, -0.122116, 0.836317, -0.709625, 1.240999, 0.095333, 0.930564, -0.099611, 0.492864, 0.470479, 0.162294, 0.210436, 0.746890, 0.643716, 0.656008, 0.300124, 1.078924, 0.637157, 0.009255, 1.565743, 1.580044, -0.032233, 1.294366, -0.349347, 1.697641, 0.760213, -0.610837, 0.610240, -0.054804, 1.047121, 0.099149, 0.614334, 1.014219, 0.860978, 0.407355, 0.913737, 1.832819, 0.702265, 1.358011, 0.915777, 0.873229, 1.275959, 1.911878, 0.294176, 1.212279, 0.492228, 1.766529, 1.334692, -0.351986, 0.688299, 0.774006, 0.442808, 0.471524, 0.874232, 0.696297, 0.857604, 1.133774, -0.057247, 0.550935, -0.406425, 0.735247, 2.043047, -0.081528, -0.157296, 0.194318, 0.222420, 0.201071, 0.839631, -0.016833, 0.552151, 1.385062, 1.394074, 1.080466, 1.898975, 1.832819, -0.357195, -0.462191, -0.812493, -0.688156, -0.311955, 1.911877, -0.581124, 1.126640, -0.804691, -0.929623, 0.870980, -0.805855, 0.198023, -0.378463, -0.537825, -0.035767, -0.653577 ]
}