{
  "box" : { "length" : 80.0, "width" : 80.0, "height" : 80.0, "originX" : 40.0, "originY" : 40.0, "originZ" : 40.0 },
  "shape" : { "color" : [ 0.55294118, 0.41960784, 0.36862745], "vertices" : [ 20.0, -40.0, 0.0, 10.0, -10.0, 0.0, 30.0, -20.0, 0.0, 40.0, 0.0, 0.0, 40.0, 10.0, 0.0, 20.0, 40.0, 0.0, -10.0, 40.0, 0.0, -20.0, 30.0, 0.0, -30.0, 30.0, 0.0, -40, 2, 0.0, -40, -10, 0.0, -20.0, -40.0, 0.0, -10.0, -20.0, 0.0 ] },
  "sprite" : { "sheet" : "textures/sprites.png", "left" : 0.0, "top" : 0.0, "right" : 0.0, "bottom" : 0.0},
  "materials" : [ { "numindices" : 264, "diffuse" : "textures/asteroid_B-diff.png", "emissive" : "textures/asteroid_B-em.png" } ],
  "indices" : [ 13, 30, 14, 13, 7, 30, 7, 8, 30, 15, 0, 7, 0, 10, 7, 7, 10, 8, 9, 10, 0, 11, 12, 16, 11, 13, 12, 13, 3, 12, 13, 14, 3, 15, 7, 11, 7, 13, 11, 17, 21, 4, 17, 11, 21, 11, 31, 21, 15, 11, 17, 11, 16, 31, 46, 24, 18, 0, 47, 9, 0, 15, 47, 15, 17, 47, 17, 4, 47, 26, 1, 27, 1, 18, 36, 26, 46, 1, 48, 46, 26, 46, 18, 1, 8, 10, 9, 28, 19, 29, 29, 19, 2, 30, 49, 50, 3, 14, 30, 30, 8, 49, 32, 12, 20, 32, 16, 12, 12, 3, 20, 35, 21, 6, 6, 21, 31, 4, 21, 35, 36, 24, 22, 22, 23, 43, 23, 51, 43, 24, 23, 22, 24, 51, 23, 19, 25, 2, 25, 38, 2, 19, 26, 25, 25, 27, 38, 48, 26, 19, 26, 27, 25, 20, 50, 33, 3, 30, 20, 30, 50, 20, 16, 32, 31, 6, 31, 41, 31, 32, 41, 32, 20, 33, 51, 34, 43, 52, 53, 34, 51, 52, 34, 1, 45, 27, 1, 36, 45, 36, 37, 45, 36, 22, 37, 18, 24, 36, 22, 43, 37, 29, 38, 5, 5, 38, 44, 29, 2, 38, 54, 5, 39, 54, 28, 5, 5, 28, 29, 40, 54, 39, 53, 55, 40, 40, 55, 54, 32, 33, 41, 44, 42, 39, 39, 53, 40, 42, 34, 39, 39, 34, 53, 43, 34, 42, 5, 44, 39, 44, 45, 42, 38, 27, 44, 45, 37, 42, 27, 45, 44, 37, 43, 42 ],
  "vertexPositions" : [ 10.705153, -3.954855, -41.585266, 42.153831, 3.255251, 1.565685, 18.202322, -24.942974, 12.277116, -13.549974, -29.760847, -13.219476, -10.947842, 34.358173, -16.480555, 2.195128, -22.775774, 36.126972, -32.016514, 26.529514, 28.616959, 6.812732, -18.145899, -32.119278, 26.366091, -24.936636, -17.333799, 37.142433, -2.956021, -22.255413, 27.256310, -13.868530, -30.087261, -21.934168, 3.329121, -41.239353, -33.093948, -21.637253, -15.007936, -11.262461, -25.966997, -39.214748, -5.113799, -38.188900, -26.537773, -4.154589, 10.193827, -43.323498, -42.589935, -1.085522, -24.807751, -14.790741, 28.696938, -30.542698, 39.055309, 18.121904, -23.636152, 27.804049, -37.911304, -10.791989, -32.973469, -27.495102, 0.930029, -31.125223, 29.223955, -7.971154, 20.463554, 38.100414, 3.716149, 5.946793, 41.851974, -7.393898, 24.253948, 33.184021, -27.136839, 38.286663, -30.119658, -1.433911, 46.923012, -10.943898, -4.685555, 45.668472, -1.494477, 20.016554, -6.805623, -44.632168, 13.648588, 6.445599, -38.987835, 25.395357, 5.637040, -40.265179, -24.716419, -34.814579, 11.103755, -10.513445, -44.523079, -3.909839, 4.496905, -28.179014, -20.484980, 27.682684, -6.863774, 31.265949, 19.205893, -24.470383, 35.502529, 5.286236, 37.763859, 22.844370, -3.126272, 23.307098, 32.581146, 19.623245, 26.888145, -7.677710, 36.672359, -4.518327, 13.240972, 38.560299, -27.904299, 9.666059, 40.455441, -38.919674, 4.258109, 29.997952, 7.057623, 32.250343, 33.917839, 8.123746, 43.177563, 21.567181, 15.909960, 7.215217, 44.615791, 25.582960, 14.742672, 22.125168, 37.142433, -2.956021, -22.255413, 24.253948, 33.184021, -27.136839, 26.366091, -24.936636, -17.333799, 27.804049, -37.911304, -10.791989, -6.805623, -44.632168, 13.648588, -10.947842, 34.358173, -16.480555, -24.470383, 35.502529, 5.286236, -32.016514, 26.529514, 28.616959, -28.179014, -20.484980, 27.682684, -38.919674, 4.258109, 29.997952 ],
  "vertexNormals" : [ 0.165166, -0.224006, -0.960479, 0.925932, 0.377178, 0.018220, 0.612903, -0.644368, 0.457259, -0.589251, -0.649617, -0.480331, -0.227729, 0.943724, -0.239784, -0.077151, -0.415204, 0.906430, -0.565600, 0.677419, 0.470260, 0.282357, -0.390606, -0.876156, 0.578509, -0.425581, -0.695822, 0.794733, -0.114811, -0.595965, 0.563219, -0.427259, -0.707236, -0.460311, 0.064394, -0.885403, -0.672323, -0.655019, -0.344768, -0.196570, -0.470382, -0.860256, -0.389111, -0.900479, -0.194159, -0.004303, 0.159307, -0.987213, -0.856777, 0.088046, -0.508072, -0.350841, 0.705588, -0.615619, 0.756554, 0.223426, -0.614551, 0.571123, -0.779199, -0.258126, -0.719108, -0.693899, -0.036653, -0.767541, 0.593982, -0.240944, 0.514512, 0.857326, 0.014710, -0.057222, 0.980590, -0.187506, 0.420515, 0.690146, -0.588946, 0.673330, -0.730949, 0.110782, 0.961882, -0.106601, -0.251686, 0.902341, 0.151524, 0.403485, -0.233955, -0.942686, 0.237861, 0.244697, -0.768609, 0.591021, 0.167638, -0.822443, -0.543565, -0.879757, 0.435194, -0.191260, -0.997223, -0.003021, 0.074374, -0.557817, -0.513108, 0.652303, -0.327738, 0.847621, 0.417219, -0.296426, 0.953276, 0.057741, 0.860073, 0.488144, 0.148198, 0.720542, 0.508774, 0.471084, 0.536363, -0.352153, 0.766991, -0.194250, 0.242927, 0.950377, -0.287393, 0.066164, 0.955504, -0.893796, -0.013367, 0.448256, 0.005829, 0.615223, 0.788293, -0.022767, 0.927427, 0.373272, 0.265145, 0.172491, 0.948637, 0.739097, 0.462050, 0.490097, 0.794733, -0.114811, -0.595965, 0.420515, 0.690146, -0.588946, 0.578509, -0.425581, -0.695822, 0.571123, -0.779199, -0.258126, -0.233955, -0.942686, 0.237861, -0.227729, 0.943724, -0.239784, -0.296426, 0.953276, 0.057741, -0.565600, 0.677419, 0.470260, -0.557817, -0.513108, 0.652303, -0.893796, -0.013367, 0.448256 ],
  "vertexTextureCoords" : [ 1.202621, 0.726272, 0.993539, 0.038979, 0.158592, -0.291794, 0.479955, 0.052617, 0.448323, 1.709623, -0.254439, 0.223098, -1.017434, 1.370188, 1.122055, 0.379111, 1.647134, -0.062114, 2.015399, 0.630681, 1.585527, 0.425161, 0.603532, 0.812253, 0.231865, 0.303071, 0.748654, 0.350152, 0.749665, 0.085881, 0.896003, 0.965715, 0.211583, 0.682754, 0.583935, 1.336871, 1.544306, 0.158901, 0.418073, -1.001119, 0.006268, 0.024946, -0.014744, 1.371958, 1.151737, 0.822257, 1.361001, 1.168779, 1.976861, 0.617440, 0.543325, -0.517558, 0.922269, -0.289246, 0.666173, 0.090209, -0.753995, -0.450127, -0.295451, -0.204344, 0.921563, -0.075981, -0.002714, 0.972732, -0.286544, 0.539857, -0.744716, -0.236166, 0.608034, 1.364676, -0.295903, 1.671987, 1.215154, 0.376789, 0.864974, 0.731162, 0.302898, 0.228140, 0.116903, 0.940820, -0.327592, 1.279091, -1.024408, 0.649471, 0.574283, 0.922899, 0.823398, 1.015996, 0.297803, 0.548256, 0.709213, 0.477864, 1.508474, -0.418492, 1.515285, 1.709623, 0.879388, -1.001119, 1.480834, -0.503427, 0.232497, -0.812584, 1.560050, 1.773605, 0.786578, 1.989284, -0.047610, 1.812524, -1.003863, 0.640511, -0.734382, 1.477136 ]
}