{
  "box" : { "length" : 80.0, "width" : 80.0, "height" : 80.0, "originX" : 40.0, "originY" : 40.0, "originZ" : 40.0 },
  "shape" : { "color" : [ 0.55294118, 0.41960784, 0.36862745 ], "vertices" : [ 20.0, -40.0, 0.0, 10.0, -10.0, 0.0, 30.0, -20.0, 0.0, 40.0, 0.0, 0.0, 40.0, 10.0, 0.0, 20.0, 40.0, 0.0, -10.0, 40.0, 0.0, -20.0, 30.0, 0.0, -30.0, 30.0, 0.0, -40, 2, 0.0, -40, -10, 0.0, -20.0, -40.0, 0.0, -10.0, -20.0, 0.0 ] },
  "sprite" : { "sheet" : "textures/sprites.png", "left" : 0.4697265625, "top" : 0.064453125, "right" : 0.5615234375, "bottom" : 0.248046875},
  "materials" : [ { "numindices" : 264, "diffuse" : "textures/asteroid_C-diff.png", "emissive" : "textures/asteroid_C-em.png" } ],
  "indices" : [ 0, 24, 17, 13, 10, 11, 10, 18, 11, 11, 18, 27, 18, 0, 17, 10, 14, 0, 18, 10, 0, 10, 13, 14, 1, 21, 23, 1, 22, 21, 12, 13, 1, 1, 11, 22, 13, 11, 1, 12, 1, 34, 0, 14, 26, 14, 15, 26, 14, 13, 15, 13, 12, 15, 15, 12, 25, 28, 2, 38, 28, 16, 2, 16, 17, 2, 16, 18, 17, 31, 19, 30, 3, 19, 31, 46, 19, 3, 19, 47, 6, 48, 11, 27, 22, 11, 48, 32, 20, 39, 49, 20, 32, 39, 20, 29, 20, 3, 29, 20, 49, 3, 49, 46, 3, 50, 51, 41, 33, 12, 34, 34, 1, 23, 36, 4, 9, 24, 25, 36, 36, 25, 4, 24, 26, 25, 0, 26, 24, 26, 15, 25, 47, 52, 6, 52, 37, 6, 52, 53, 37, 18, 16, 27, 16, 28, 27, 30, 39, 29, 3, 31, 29, 31, 30, 29, 30, 40, 39, 30, 6, 40, 19, 6, 30, 51, 32, 41, 41, 32, 42, 32, 39, 42, 51, 49, 32, 4, 33, 9, 9, 33, 45, 25, 12, 4, 12, 33, 4, 54, 50, 44, 50, 41, 44, 2, 35, 38, 17, 24, 2, 36, 45, 35, 24, 36, 2, 2, 36, 35, 36, 9, 45, 40, 37, 7, 7, 37, 5, 37, 53, 5, 40, 6, 37, 39, 7, 8, 39, 40, 7, 8, 41, 39, 41, 42, 39, 43, 44, 8, 55, 44, 43, 44, 41, 8, 55, 54, 44, 5, 8, 7, 5, 43, 8, 5, 53, 43, 38, 35, 56, 56, 35, 45 ],
  "vertexPositions" : [ 21.236423, -3.014121, 3.173127, -27.251308, -7.691451, -40.360485, 40.028214, 14.161106, 0.773802, -30.401762, -42.667976, -11.309649, -0.383686, 51.298542, 2.304503, 10.929800, -3.693747, 42.705692, 22.932062, -53.050621, 28.262264, 7.452689, -15.918356, 44.844254, -14.634446, -1.823340, 42.566124, 10.736369, 49.074356, 20.572025, 16.030853, -21.082237, -30.476885, -8.269420, -33.113819, -33.422497, -17.707842, 25.229149, -28.835823, -6.938360, -2.489326, -35.725330, 1.714646, -13.908253, -14.356166, -10.496243, 9.791688, -6.797262, 42.012093, -13.198679, -8.926394, 32.246204, 2.396275, -7.248657, 29.878517, -21.285791, -25.756382, 10.139365, -49.167255, -4.769302, -46.530708, -31.561581, -5.015382, -49.834686, -14.737162, -21.824350, -26.888271, -39.447845, -23.355209, -47.078178, 12.529755, -17.083225, 20.990383, 28.083988, -0.352764, -6.721520, 38.626732, -9.716667, 7.047868, 14.693272, 7.792305, 34.412903, -40.936199, -2.758040, 46.869984, -15.627195, 4.766193, -26.873857, -39.090164, 17.659157, -8.130716, -47.216423, 19.499146, -7.491435, -37.455128, 1.958359, -45.692829, -8.803372, 6.317051, -13.436308, 52.211143, 13.269877, -36.290695, 27.250221, -10.477425, 33.274647, 28.005665, 15.269634, 17.531946, 43.074795, 0.174332, 34.816605, -24.216890, 33.795410, 36.676006, 0.152581, 14.240276, -28.553215, -27.186148, 30.637035, 12.257639, -48.197121, 35.628563, -29.422588, 25.374371, 7.594561, -28.230478, -10.624818, 21.017864, 12.659358, 14.773653, 44.628567, -19.793825, 36.075703, 33.392006, 9.241561, 42.747002, 36.003956, -26.888271, -39.447845, -23.355209, 34.412903, -40.936199, -2.758040, 10.139365, -49.167255, -4.769302, -49.834686, -14.737162, -21.824350, -36.290695, 27.250221, -10.477425, -47.078178, 12.529755, -17.083225, 46.869984, -15.627195, 4.766193, 36.676006, 0.152581, 14.240276, -13.436308, 52.211143, 13.269877, 9.241561, 42.747002, 36.003956, 12.659358, 14.773653, 44.628567 ],
  "vertexNormals" : [ -0.267006, 0.455336, -0.849330, -0.273110, 0.019715, -0.961760, 0.853694, 0.377483, -0.358715, -0.383862, -0.916959, -0.108585, 0.076266, 0.910977, -0.405316, 0.355113, 0.056276, 0.933103, 0.397198, -0.844111, 0.360057, 0.057436, -0.103244, 0.992981, -0.485061, 0.027253, 0.874020, 0.549638, 0.804010, 0.226753, 0.355632, 0.296152, -0.886441, 0.066195, -0.542467, -0.837428, 0.198706, 0.586413, -0.785211, 0.587817, 0.349925, -0.729362, 0.490707, 0.796625, -0.352886, 0.822962, 0.237831, -0.515854, 0.842250, 0.062899, -0.535386, -0.103793, 0.375866, -0.920835, 0.507065, 0.064730, -0.859462, 0.037477, -0.947813, -0.316568, -0.848079, -0.529099, 0.027528, -0.890439, -0.161351, -0.425520, -0.357921, -0.741356, -0.567644, -0.834834, 0.465896, -0.293191, 0.029511, -0.064211, -0.997497, 0.705527, 0.039583, -0.707541, 0.188910, -0.026704, -0.981628, 0.680990, -0.668386, -0.299112, 0.996704, -0.063692, 0.049989, -0.443678, -0.841548, 0.308054, -0.410169, -0.908811, 0.076022, -0.319010, -0.944426, 0.078921, -0.874783, 0.121708, 0.468947, -0.398907, 0.914121, 0.072298, -0.736656, 0.645558, -0.201331, 0.847957, 0.460402, 0.262581, 0.555071, 0.633900, -0.538530, 0.737999, -0.064943, 0.671621, 0.827387, 0.216742, 0.518082, -0.644490, -0.285257, 0.709372, -0.041231, -0.651479, 0.757530, -0.897153, 0.129215, 0.422376, -0.934080, 0.157720, 0.320292, 0.368328, 0.109622, 0.923185, -0.632649, 0.410016, 0.656972, 0.289499, 0.644948, 0.707236, -0.357921, -0.741356, -0.567644, 0.680990, -0.668386, -0.299112, 0.037477, -0.947813, -0.316568, -0.890439, -0.161351, -0.425520, -0.736656, 0.645558, -0.201331, -0.834834, 0.465896, -0.293191, 0.996704, -0.063692, 0.049989, 0.827387, 0.216742, 0.518082, -0.398907, 0.914121, 0.072298, 0.289499, 0.644948, 0.707236, 0.368328, 0.109622, 0.923185 ],
  "vertexTextureCoords" : [ 0.396609, 0.211202, -0.194899, 1.198563, 0.721833, -0.172166, -0.370002, 1.312207, 1.297874, 0.733275, 0.553593, -0.096703, -0.306218, 0.117476, 0.350950, 0.078199, 0.699179, 0.419484, 1.574663, 0.388677, -0.197627, 0.308578, -0.580010, 0.692180, 0.476814, 1.116872, -0.010814, 0.844507, 0.154976, 0.479967, 0.443034, 0.677705, 0.135283, -0.302310, 0.425040, -0.049845, -0.128516, 0.038357, -0.879584, 0.531026, 0.030721, 1.406830, -0.479539, 1.789492, -0.988282, 1.041104, 0.253355, 1.855012, 0.881706, 0.238225, 0.897584, 0.853306, 0.589361, 0.425805, -0.575825, -0.519518, 0.207704, -0.667771, -0.015055, 0.853969, -0.205009, 0.563112, -0.426794, 0.799978, 0.511814, 1.369538, 1.658740, 1.030119, 0.724698, 1.692113, 1.137218, -0.120335, 1.132541, 0.366590, -0.040910, -0.255301, 0.754740, -0.627737, 0.268913, 0.749295, -0.139402, 0.198925, 1.250535, 1.198005, 0.594902, 0.965218, 1.005249, -0.273617, 1.432401, 0.580724, 1.922659, 0.145495, -0.591344, 1.520214, -0.902099, -0.186641, -1.001990, -0.032554, 0.145203, 1.964559, 1.343393, 1.673172, 0.933361, 1.964559, -0.526304, -0.854295, 0.106213, -0.965780, 1.990119, 0.820251, 1.768751, -0.020648, 1.839857, -0.667771 ]
}