{
  "box" : { "length" : 14.0, "width" : 14.0, "height" : 14.0, "originX" : 7.0, "originY" : 7.0, "originZ" : 7.0 },
  "shape" : { "color" : [ 0.0, 1.0, 0.0], "vertices" : [ -7.0, 7.0, 0.0, 7.0, 7.0, 0.0, 7.0, -7.0, 0.0, -7.0, -7.0, 0.0 ] },
  "sprite" : { "sheet" : "textures/sprites.png", "left" : 0.2822265625, "top" : 0.001953125, "right" : 0.3115234375, "bottom" : 0.060546875},
  "materials" : [ { "numindices" : 96, "diffuse" : "textures/green-diff.png", "emissive" : "textures/green-em.png" } ],
  "indices" : [ 0, 12, 2, 11, 13, 3, 16, 4, 3, 16, 6, 17, 18, 5, 19, 7, 1, 9, 14, 5, 3, 20, 8, 21, 22, 12, 19, 14, 12, 23, 14, 24, 25, 14, 13, 26, 14, 8, 27, 10, 15, 2, 14, 15, 28, 29, 15, 21, 11, 30, 26, 0, 31, 3, 16, 12, 32, 33, 6, 21, 0, 5, 34, 35, 36, 27, 22, 6, 9, 35, 6, 34, 16, 37, 27, 38, 15, 23, 39, 13, 21, 11, 15, 32, 16, 15, 9, 7, 15, 40, 22, 41, 26, 33, 42, 3 ],
  "vertexPositions" : [ -0.711560, -6.879612, -6.879613, -0.711560, 6.879597, -6.879613, -0.711560, -6.879612, 6.879597, -0.683098, -5.503686, -5.503686, -0.683098, -5.503686, 5.503669, -0.683098, 5.503669, -5.503686, -0.683098, 5.503671, 5.503669, 0.711543, 6.879597, -6.879611, 0.683081, 5.503669, 5.503669, -0.711559, 6.879598, 6.879597, 0.711543, -6.879612, 6.879597, 0.683081, -5.503686, 5.503669, 0.711543, -6.879613, -6.879613, 0.683081, -5.503686, -5.503686, 0.683081, 5.503670, -5.503686, 0.711543, 6.879597, 6.879598, -0.711560, -6.879612, 6.879597, -0.683098, -5.503686, 5.503669, -0.683098, -5.503686, -5.503686, -0.711560, -6.879612, -6.879613, -0.683098, 5.503671, 5.503669, 0.683081, -5.503686, 5.503669, -0.711560, 6.879597, -6.879613, 0.711543, 6.879597, -6.879611, -0.683098, -5.503686, -5.503686, 0.683081, -5.503686, -5.503686, 0.711543, -6.879613, -6.879613, -0.683098, 5.503671, 5.503669, 0.683081, 5.503669, 5.503669, 0.683081, 5.503669, 5.503669, 0.711543, -6.879612, 6.879597, -0.711560, -6.879612, 6.879597, 0.711543, -6.879612, 6.879597, -0.683098, -5.503686, 5.503669, -0.711560, 6.879597, -6.879613, -0.683098, 5.503669, -5.503686, 0.683081, 5.503670, -5.503686, -0.711559, 6.879598, 6.879597, -0.711559, 6.879598, 6.879597, 0.711543, -6.879613, -6.879613, 0.683081, 5.503670, -5.503686, 0.711543, 6.879597, -6.879611, 0.683081, -5.503686, 5.503669 ],
  "vertexNormals" : [ -0.581317, -0.575335, -0.575335, -0.581317, 0.575335, -0.575335, -0.581317, -0.575335, 0.575335, -0.899350, 0.309153, 0.309153, -0.899350, 0.309153, -0.309153, -0.899350, -0.309153, 0.309153, -0.899350, -0.309153, -0.309153, 0.581317, 0.575335, -0.575335, 0.899350, -0.309153, -0.309153, -0.581317, 0.575335, 0.575335, 0.581317, -0.575335, 0.575335, 0.899350, 0.309153, -0.309153, 0.581317, -0.575335, -0.575335, 0.899350, 0.309153, 0.309153, 0.899350, -0.309153, 0.309153, 0.581317, 0.575335, 0.575335, -0.581317, -0.575335, 0.575335, -0.899350, 0.309153, -0.309153, -0.899350, 0.309153, 0.309153, -0.581317, -0.575335, -0.575335, -0.899350, -0.309153, -0.309153, 0.899350, 0.309153, -0.309153, -0.581317, 0.575335, -0.575335, 0.581317, 0.575335, -0.575335, -0.899350, 0.309153, 0.309153, 0.899350, 0.309153, 0.309153, 0.581317, -0.575335, -0.575335, -0.899350, -0.309153, -0.309153, 0.899350, -0.309153, -0.309153, 0.899350, -0.309153, -0.309153, 0.581317, -0.575335, 0.575335, -0.581317, -0.575335, 0.575335, 0.581317, -0.575335, 0.575335, -0.899350, 0.309153, -0.309153, -0.581317, 0.575335, -0.575335, -0.899350, -0.309153, 0.309153, 0.899350, -0.309153, 0.309153, -0.581317, 0.575335, 0.575335, -0.581317, 0.575335, 0.575335, 0.581317, -0.575335, -0.575335, 0.899350, -0.309153, 0.309153, 0.581317, 0.575335, -0.575335, 0.899350, 0.309153, -0.309153 ],
  "vertexTextureCoords" : [ 0.000000, 1.000000, 1.000000, 1.000000, 1.000000, 0.000000, 1.000000, 0.000000, 1.000000, 1.000000, 1.000000, 1.000000, 1.000000, 1.000000, 0.000000, 1.000000, 1.000000, 1.000000, 1.000000, 0.000000, 0.000000, 1.000000, 0.000000, 1.000000, 1.000000, 1.000000, 1.000000, 1.000000, 0.000000, 1.000000, 1.000000, 1.000000, 0.000000, 1.000000, 1.000000, 0.000000, 0.000000, 1.000000, 1.000000, 0.000000, 0.000000, 1.000000, 1.000000, 0.000000, 0.000000, 1.000000, 1.000000, 0.000000, 1.000000, 1.000000, 1.000000, 0.000000, 1.000000, 0.000000, 1.000000, 0.000000, 1.000000, 0.000000, 0.000000, 1.000000, 1.000000, 1.000000, 1.000000, 1.000000, 1.000000, 0.000000, 0.000000, 1.000000, 1.000000, 0.000000, 0.000000, 1.000000, 1.000000, 1.000000, 1.000000, 1.000000, 0.000000, 1.000000, 0.000000, 1.000000, 1.000000, 0.000000, 1.000000, 1.000000, 1.000000, 1.000000 ]
}