{
  "box" : { "length" : 8.0, "width" : 8.0, "height" : 8.0, "originX" : 4.0, "originY" : 4.0, "originZ" : 4.0 },
  "shape" : { "color" : [ 1.0, 0.3, 0.0], "vertices" : [ -4.0, -4.0, 0.0, 4.0, -4.0, 0.0, 4.0, 4.0, 0.0, -4.0, 4.0, 0.0 ] },
  "sprite" : { "sheet" : "textures/sprites.png", "left" : 0.2509765625, "top" : 0.001953125, "right" : 0.2802734375, "bottom" : 0.060546875},
  "materials" : [ { "numindices" : 36, "diffuse" : "textures/sprites.png", "emissive" : "textures/sprites.png" } ],
  "indices" : [ 1, 2, 3, 0, 2, 1, 5, 6, 7, 4, 6, 5, 9, 10, 11, 8, 10, 9, 13, 14, 15, 12, 14, 13, 17, 18, 19, 16, 18, 17, 21, 22, 23, 20, 22, 21 ],
  "vertexPositions" : [ -3.999997, 3.999997, 0.000000, 3.999997, 3.999997, 0.000000, -3.999997, -3.999997, 0.000000, 3.999997, -3.999997, 0.000000, 3.999997, 3.999997, 0.000001, -3.999997, 3.999997, 0.000001, 3.999997, -3.999997, -0.000001, -3.999997, -3.999997, -0.000001, -0.000001, 3.999997, 3.999998, 0.000000, 3.999998, -3.999997, 0.000000, -3.999998, 3.999997, 0.000001, -3.999997, -3.999998, 0.000001, 3.999998, -3.999997, 0.000000, 3.999997, 3.999998, 0.000000, -3.999997, -3.999998, -0.000001, -3.999998, 3.999997, 3.999997, 0.000001, 3.999998, 3.999998, 0.000000, -3.999997, -3.999998, -0.000000, 3.999997, -3.999997, -0.000001, -3.999998, 3.999998, -0.000001, -3.999997, 3.999997, 0.000000, 3.999998, -3.999997, -0.000000, -3.999998, -3.999998, 0.000001, 3.999997 ],
  "vertexNormals" : [ 0.000000, 0.000000, 1.000000, 0.000000, 0.000000, 1.000000, 0.000000, 0.000000, 1.000000, 0.000000, 0.000000, 1.000000, 0.000000, 0.000000, -1.000000, 0.000000, 0.000000, -1.000000, 0.000000, 0.000000, -1.000000, 0.000000, 0.000000, -1.000000, 1.000000, 0.000000, 0.000000, 1.000000, 0.000000, 0.000000, 1.000000, 0.000000, 0.000000, 1.000000, 0.000000, 0.000000, -1.000000, 0.000000, 0.000000, -1.000000, 0.000000, 0.000000, -1.000000, 0.000000, 0.000000, -1.000000, 0.000000, 0.000000, 0.000000, -1.000000, 0.000000, 0.000000, -1.000000, 0.000000, 0.000000, -1.000000, 0.000000, 0.000000, -1.000000, 0.000000, 0.000000, 1.000000, 0.000000, 0.000000, 1.000000, 0.000000, 0.000000, 1.000000, 0.000000, 0.000000, 1.000000, 0.000000 ],
  "vertexTextureCoords" : [ 0.250235, 0.000123, 0.281081, 0.000123, 0.250235, 0.061960, 0.281081, 0.061960, 0.281081, 0.061960, 0.250234, 0.061960, 0.281081, 0.000123, 0.250234, 0.000123, 0.281081, 0.000122, 0.281081, 0.061959, 0.250234, 0.000122, 0.250234, 0.061959, 0.281081, 0.061960, 0.250234, 0.061960, 0.281081, 0.000122, 0.250234, 0.000122, 0.281081, 0.000123, 0.281081, 0.061960, 0.250234, 0.000123, 0.250234, 0.061960, 0.281081, 0.061960, 0.250235, 0.061960, 0.281081, 0.000122, 0.250235, 0.000122 ]
}