{
  "box" : { "length" : 60, "width" : 40, "height" : 20.02 , "originX" : 30, "originY" : 20, "originZ" : 6.3 },
  "shape" : { "color" : [ 0.0, 1.0, 0.0], "vertices" : [ 30.0, 0.0, 0.0, -30.0, 20.0, 0.0, -20.0, 0.0, 0.0, -30.0, -20.0, 0.0 ] },
  "sprite" : { "sheet" : "textures/sprites.png", "left" : 0.0009765625, "top" : 0.064453125, "right" : 0.1005859375, "bottom" : 0.216796875},
  "materials" : [ { "numindices" : 42, "diffuse" : "textures/SpaceMetal-diff.jpg", "emissive" : "textures/black.png" }, { "numindices" : 12, "diffuse" : "textures/Thrusters-diff.png", "emissive" : "textures/Thrusters-em.png" }, { "numindices" : 72, "diffuse" : "textures/black.png", "emissive" : "textures/WarpEngines-em.jpg" } ],
  "indices" : [ 2, 1, 0, 1, 2, 3, 4, 5, 6, 7, 6, 5, 9, 10, 8, 8, 10, 11, 12, 9, 8, 8, 11, 13, 16, 17, 14, 14, 15, 16, 19, 17, 16, 18, 16, 15, 20, 22, 21, 23, 25, 24, 27, 28, 26, 26, 28, 29, 30, 27, 26, 26, 29, 31, 37, 33, 36, 37, 35, 33, 34, 53, 54, 54, 55, 34, 38, 34, 55, 32, 34, 38, 56, 33, 57, 36, 33, 56, 44, 43, 40, 44, 40, 42, 41, 58, 59, 58, 41, 60, 45, 60, 41, 39, 45, 41, 61, 62, 40, 43, 61, 40, 48, 47, 51, 51, 46, 48, 51, 49, 46, 52, 46, 49, 47, 49, 51, 49, 47, 52, 47, 50, 52, 46, 52, 50 ],
  "vertexPositions" : [ 29.999996, 0.000006, 0.050414, -13.722923, -11.748037, -6.296548, -20.833155, -4.103591, 3.021392, -30.024609, -19.790628, -6.296548, 29.999996, 0.000006, 0.050414, -13.722926, 12.941134, -6.296548, -20.833147, 4.101576, 3.021392, -30.024611, 19.800140, -6.296548, -17.326399, -0.002507, -4.009176, -20.833155, -4.103591, 3.021392, -19.824190, 0.000002, 13.713495, -20.833147, 4.101576, 3.021392, -30.024609, -19.790628, -6.296548, -30.024611, 19.800140, -6.296548, 29.999996, 0.000006, 0.050414, -13.722923, -11.748037, -6.296548, -17.326399, -0.002507, -4.009176, -13.722926, 12.941134, -6.296548, -30.024609, -19.790628, -6.296548, -30.024611, 19.800140, -6.296548, 29.999996, 0.000006, 0.050414, -19.824190, 0.000002, 13.713495, -20.833147, 4.101576, 3.021392, 29.999996, 0.000006, 0.050414, -20.833155, -4.103591, 3.021392, -19.824190, 0.000002, 13.713495, -19.077303, -0.002507, -4.009176, -22.384058, -4.103591, 3.021392, -19.824108, 0.000002, 13.713495, -22.384050, 4.101576, 3.021392, -30.024527, -19.790628, -6.296548, -30.024530, 19.800140, -6.296548, 15.223063, -2.256943, -1.026720, -14.209981, -10.742267, -5.952695, -15.637118, -8.826891, -3.445890, -28.780609, -18.330936, -6.017230, -12.905456, -10.953645, -4.464371, -21.682789, -15.321515, -5.271036, 6.727101, -6.030065, -2.423194, 15.223063, 2.579660, -1.026720, -14.209981, 11.064982, -5.952695, -15.637118, 8.949336, -3.145486, -28.780609, 18.653652, -6.017230, -12.704508, 11.836854, -4.155890, -21.682789, 15.644231, -5.271036, 6.727101, 6.352781, -2.423194, 3.863975, -0.000001, 7.232309, 15.900356, -0.000000, 3.918158, 7.312888, -0.714720, 4.511768, 7.782644, -0.000000, 6.644695, 7.312889, 0.714720, 4.511768, 8.190301, -0.535489, 5.409948, 8.190301, 0.504893, 5.409948, -28.780609, -18.330936, -6.017230, -21.682789, -15.321515, -5.271036, -12.905456, -10.953645, -4.464371, 6.727101, -6.030065, -2.423194, 15.223063, -2.256943, -1.026720, -21.682789, 15.644231, -5.271036, -28.780609, 18.653652, -6.017230, -12.704508, 11.836854, -4.155890, 6.727101, 6.352781, -2.423194, 15.223063, 2.579660, -1.026720 ],
  "vertexNormals" : [ 0.098453, -0.731193, 0.675008, 0.186316, -0.685080, 0.704215, 0.201849, -0.676046, 0.708640, 0.301584, -0.611286, 0.731651, 0.097415, 0.683828, 0.723075, 0.164983, 0.649586, 0.742149, 0.172643, 0.645405, 0.744041, 0.251930, 0.598743, 0.760247, -0.992218, 0.000153, -0.124454, -0.840266, 0.530992, -0.109348, -0.990204, 0.000000, -0.139531, -0.840388, -0.530839, -0.109287, -0.832484, 0.545427, -0.097049, -0.832667, -0.545152, -0.097079, 0.085452, 0.000488, -0.996338, -0.002991, 0.190252, -0.981719, 0.022004, 0.007843, -0.999725, 0.005310, -0.175451, -0.984466, -0.081973, 0.166204, -0.982665, -0.065584, -0.155889, -0.985565, 0.095584, 0.932340, 0.348613, 0.095584, 0.932340, 0.348613, 0.095584, 0.932340, 0.348613, 0.095645, -0.932279, 0.348766, 0.095645, -0.932279, 0.348766, 0.095645, -0.932279, 0.348766, -0.994629, 0.000153, -0.103397, -0.833644, 0.547441, -0.072726, -0.999084, 0.000000, -0.042085, -0.833766, -0.547288, -0.072665, -0.862850, 0.491134, -0.119327, -0.863002, -0.490860, -0.119358, 0.214026, -0.724448, 0.655232, 0.382031, -0.793695, -0.473342, 0.054048, -0.362621, 0.930357, 0.227699, -0.703848, 0.672811, 0.243934, -0.889340, 0.386700, 0.354106, -0.890133, 0.286691, 0.408521, -0.904935, -0.119053, 0.218207, 0.730735, 0.646809, 0.339763, 0.714957, -0.611011, 0.015046, 0.322306, 0.946501, 0.234474, 0.716086, 0.657430, 0.262886, 0.907315, 0.328013, 0.352702, 0.899350, 0.258278, 0.412763, 0.901028, -0.133213, 0.064150, 0.000977, 0.997925, 0.381359, 0.000336, 0.924406, 0.012848, -0.982910, 0.183538, 0.208289, 0.010681, 0.977996, 0.023316, 0.978301, 0.205725, 0.082186, -0.955992, 0.281564, 0.082858, 0.954711, 0.285653, 0.227699, -0.703848, 0.672811, 0.354106, -0.890133, 0.286691, 0.243934, -0.889340, 0.386700, 0.408521, -0.904935, -0.119053, 0.214026, -0.724448, 0.655232, 0.352702, 0.899350, 0.258278, 0.234474, 0.716086, 0.657430, 0.262886, 0.907315, 0.328013, 0.412763, 0.901028, -0.133213, 0.218207, 0.730735, 0.646809 ],
  "vertexTextureCoords" : [ -0.712312, 0.482910, 1.162473, 0.451978, 1.280489, -0.149985, 1.907381, 0.482478, -0.706205, 0.484220, 1.161960, 0.491656, 1.285017, 1.122059, 1.907381, 0.484220, -0.393408, 0.488312, -0.087800, 0.344854, 0.340663, 0.488395, -0.087804, 0.631888, -0.423972, -0.480092, -0.423972, 1.457216, 2.043258, 0.480102, 0.234974, -0.015761, 0.095062, 0.477331, 0.233555, 1.018899, -0.441337, -0.329526, -0.441337, 1.284788, -0.706205, 0.484220, 1.127737, 1.545659, 1.285017, 1.122059, -0.712312, 0.482910, 1.280489, -0.149985, 1.124253, -0.573983, 0.499878, 0.980740, 0.403079, 0.830430, 0.499921, 0.619692, 0.596727, 0.830430, 0.023444, 0.990833, 0.976556, 0.990833, 5.121500, 0.369533, 0.686915, 0.368673, -1.837599, 0.369533, -4.133420, 0.324003, 1.187978, -0.002778, -1.380625, -0.012488, 1.895459, 1.083377, 5.121500, 0.369533, 0.686915, 0.368673, -1.837599, 0.369533, -4.133420, 0.324003, 1.187978, -0.002778, -1.380625, -0.012488, 1.895459, 1.083377, 0.241999, 0.514319, 0.790776, 0.507410, 0.422675, 0.616253, 0.419874, 0.511974, 0.419990, 0.408058, 0.449329, 0.564005, 0.447980, 0.459753, -4.133420, 0.646233, -3.052785, 0.770732, -1.548610, 0.883251, 3.006807, -0.012490, 3.702761, 0.272292, -3.052785, 0.770732, -4.133420, 0.646233, -1.548610, 0.883251, 3.006807, -0.012490, 3.702761, 0.272292 ]
}