{
  "box" : { "length" : 60, "width" : 40, "height" : 20.02 , "originX" : 30, "originY" : 20, "originZ" : 6.3 },
  "shape" : { "color" : [ 0, 1, 0], "vertices" : [ 30.0, 0.0, 0.0, -30.0, 20.0, 0.0, -20.0, 0.0, 0.0, -30.0, -20.0, 0.0 ] },
  "sprite" : { "sheet" : "sprites.png", "left" : 0, "top" : 0, "right" : 0.0125, "bottom" : 0.025},
  "materials" : [ { "numindices" : 42, "diffuse" : "textures/spaceship-diff.png", "emissive" : "textures/spaceship-em.png" } ],
  "indices" : [ 2, 1, 0, 1, 2, 3, 4, 5, 6, 7, 6, 5, 9, 10, 8, 8, 10, 11, 12, 9, 8, 8, 11, 13, 16, 17, 14, 14, 15, 16, 19, 17, 16, 18, 16, 15, 20, 22, 21, 23, 25, 24 ],
  "vertexPositions" : [ 29.999996, 0.000006, 0.050414, -13.722923, -11.748037, -6.296548, -20.833155, -2.457779, 3.021392, -30.024609, -19.790628, -6.296548, 29.999996, 0.000006, 0.050414, -13.722926, 12.941134, -6.296548, -20.833147, 2.456572, 3.021392, -30.024611, 19.800140, -6.296548, -17.326399, -0.002507, -4.009176, -20.833155, -2.457779, 3.021392, -19.824190, 0.000002, 13.713495, -20.833147, 2.456572, 3.021392, -30.024609, -19.790628, -6.296548, -30.024611, 19.800140, -6.296548, 29.999996, 0.000006, 0.050414, -13.722923, -11.748037, -6.296548, -17.326399, -0.002507, -4.009176, -13.722926, 12.941134, -6.296548, -30.024609, -19.790628, -6.296548, -30.024611, 19.800140, -6.296548, 29.999996, 0.000006, 0.050414, -19.824190, 0.000002, 13.713495, -20.833147, 2.456572, 3.021392, 29.999996, 0.000006, 0.050414, -20.833155, -2.457779, 3.021392, -19.824190, 0.000002, 13.713495 ],
  "vertexNormals" : [ 0.075503, -0.676717, 0.732322, 0.166814, -0.631642, 0.757073, 0.173650, -0.627949, 0.758599, 0.278848, -0.565233, 0.776330, 0.075594, 0.633229, 0.770226, 0.146733, 0.599628, 0.786676, 0.148289, 0.598834, 0.786981, 0.232704, 0.553087, 0.799921, -0.973724, 0.000183, -0.227699, -0.746940, 0.648610, -0.146062, -0.990204, 0.000000, -0.139531, -0.747215, -0.648335, -0.145940, -0.810663, 0.544939, -0.214026, -0.810877, -0.544664, -0.213935, 0.085452, 0.000488, -0.996338, -0.002991, 0.190252, -0.981719, 0.022004, 0.007843, -0.999725, 0.005310, -0.175451, -0.984466, -0.081973, 0.166204, -0.982665, -0.065584, -0.155889, -0.985565, 0.059816, 0.974059, 0.218146, 0.059816, 0.974059, 0.218146, 0.059816, 0.974059, 0.218146, 0.059847, -0.974029, 0.218238, 0.059847, -0.974029, 0.218238, 0.059847, -0.974029, 0.218238 ],
  "vertexTextureCoords" : [ 0.116711, 0.317361, 0.654325, 0.308491, 0.688167, 0.135872, 0.867935, 0.317237, 0.118463, 0.317736, 0.654178, 0.319869, 0.689466, 0.500643, 0.867935, 0.317736, 0.572934, 0.979847, 0.531796, 0.892211, 0.572958, 0.769344, 0.614106, 0.892212, 0.295234, 0.988611, 0.850777, 0.988611, 0.821450, 0.684292, 0.302906, 0.542098, 0.262785, 0.683497, 0.302499, 0.838797, 0.108967, 0.452122, 0.108967, 0.915043, 0.118463, 0.317736, 0.644364, 0.622115, 0.689466, 0.500643, 0.116711, 0.317361, 0.688167, 0.135872, 0.643365, 0.014286 ]
}