{
  "box" : { "length" : 60.0, "width" : 60.0, "height" : 11.0, "originX" : 30.0, "originY" : 30.0, "originZ" : 5.5 },
  "shape" : { "color" : [ 0.7, 0.15, 0.0], "vertices" : [ -30.0, 0.0, 0.0, -20.0, -10.0, 0.0, -10.0, -10.0, 0.0, -5.0, -20.0, 0.0, 5.0, -20.0, 0.0, 10.0, -10.0, 0.0, -10.0, -10.0, 0.0, 20.0, -10.0, 0.0, 30.0, 0.0, 0.0, 20.0, 10.0, 0.0, 10.0, 10.0, 0.0, 5.0, 20.0, 0.0, -5.0, 20.0, 0.0, -10.0, 10.0, 0.0, 10.0, 10.0, 0.0, -20.0, 10.0, 0.0 ] },
  "sprite" : { "sheet" : "textures/sprites.png", "left" : 0.0009765625, "top" : 0.220703125, "right" : 0.1162109375, "bottom" : 0.451171875},
  "materials" : [ { "numindices" : 60, "diffuse" : "textures/black.png", "emissive" : "textures/EvilEnergy-em.jpg" }, { "numindices" : 60, "diffuse" : "textures/SpaceMetal-diff.jpg", "emissive" : "textures/black.png" } ],
  "indices" : [ 0, 1, 2, 1, 0, 5, 0, 2, 3, 0, 3, 4, 0, 4, 5, 1, 5, 10, 2, 1, 6, 3, 2, 7, 4, 3, 8, 5, 4, 9, 1, 10, 6, 2, 6, 7, 12, 13, 14, 4, 8, 9, 15, 16, 17, 18, 17, 11, 13, 18, 11, 14, 13, 11, 16, 14, 11, 17, 16, 11, 19, 20, 21, 20, 19, 24, 19, 21, 22, 19, 22, 23, 19, 23, 24, 20, 24, 29, 21, 20, 25, 22, 21, 26, 23, 22, 27, 24, 23, 28, 31, 32, 33, 21, 25, 26, 34, 35, 36, 23, 27, 28, 24, 28, 29, 33, 32, 30, 35, 33, 30, 36, 35, 30, 37, 36, 30, 32, 37, 30 ],
  "vertexPositions" : [ 0.000000, 0.000000, -15.243387, 11.030114, -8.013754, -6.817071, -4.213044, -12.966635, -6.817071, -13.634067, 0.000000, -6.817071, -4.213044, 12.966635, -6.817071, 11.030114, 8.013754, -6.817071, 4.213044, -12.966635, 6.817071, -11.030114, -8.013754, 6.817071, -11.030114, 8.013754, 6.817071, 4.213044, 12.966635, 6.817071, 13.634067, 0.000000, 6.817071, 0.000000, 0.000000, 15.243387, -13.634067, 0.000000, -6.817071, -11.030114, -8.013754, 6.817071, -11.030114, 8.013754, 6.817071, 11.030114, 8.013754, -6.817071, 4.213044, 12.966635, 6.817071, 13.634067, 0.000000, 6.817071, 4.213044, -12.966635, 6.817071, 0.000000, -0.000000, -4.401820, 24.270332, -17.633221, -1.968560, -9.270254, -28.531391, -1.968560, -29.999987, -0.000000, -1.968560, -9.270254, 28.531391, -1.968560, 24.270332, 17.633221, -1.968560, 9.270254, -28.531391, 1.968560, -24.270332, -17.633221, 1.968560, -24.270332, 17.633221, 1.968560, 9.270254, 28.531391, 1.968560, 29.999987, -0.000000, 1.968560, 0.000000, -0.000000, 4.401820, 24.270332, -17.633221, -1.968560, 29.999987, -0.000000, 1.968560, 9.270254, -28.531391, 1.968560, -29.999987, -0.000000, -1.968560, -24.270332, -17.633221, 1.968560, -24.270332, 17.633221, 1.968560, 9.270254, 28.531391, 1.968560 ],
  "vertexNormals" : [ 0.000000, 0.000000, -1.000000, 0.723594, -0.525712, -0.447188, -0.276376, -0.850642, -0.447188, -0.894406, 0.000000, -0.447188, -0.276376, 0.850642, -0.447188, 0.723594, 0.525712, -0.447188, 0.276376, -0.850642, 0.447188, -0.723594, -0.525712, 0.447188, -0.723594, 0.525712, 0.447188, 0.276376, 0.850642, 0.447188, 0.894406, 0.000000, 0.447188, 0.000000, 0.000000, 1.000000, -0.894406, 0.000000, -0.447188, -0.723594, -0.525712, 0.447188, -0.723594, 0.525712, 0.447188, 0.723594, 0.525712, -0.447188, 0.276376, 0.850642, 0.447188, 0.894406, 0.000000, 0.447188, 0.276376, -0.850642, 0.447188, 0.000000, 0.000000, -1.000000, 0.777825, -0.565142, -0.274880, -0.297098, -0.914396, -0.274880, -0.961455, 0.000000, -0.274880, -0.297098, 0.914396, -0.274880, 0.777825, 0.565142, -0.274880, 0.297098, -0.914396, 0.274880, -0.777825, -0.565142, 0.274880, -0.777825, 0.565142, 0.274880, 0.297098, 0.914396, 0.274880, 0.961455, 0.000000, 0.274880, 0.000000, 0.000000, 1.000000, 0.777825, -0.565142, -0.274880, 0.961455, 0.000000, 0.274880, 0.297098, -0.914396, 0.274880, -0.961455, 0.000000, -0.274880, -0.777825, -0.565142, 0.274880, -0.777825, 0.565142, 0.274880, 0.297098, 0.914396, 0.274880 ],
  "vertexTextureCoords" : [ 0.499373, 0.639230, 0.699146, 0.311956, 0.299605, 0.311954, -0.067089, 0.787259, 0.499374, 1.052832, 1.065830, 0.787258, 0.499372, -0.252124, -0.226747, 0.025262, 0.110998, 1.543320, 0.887741, 1.543320, 1.225495, 0.025264, 0.519408, 0.643687, -0.412257, 0.340966, 0.009495, 0.809363, 0.204265, 0.209929, 1.451074, 0.340974, 0.834551, 0.209929, 1.029324, 0.809371, 0.519403, 1.179840, 0.485960, 0.539207, 1.534077, 0.355697, 0.485964, 0.048072, -0.562154, 0.355678, 0.232850, 1.010094, 0.739064, 1.010102, 0.962223, -0.085030, 0.009692, -0.085030, -0.201957, 0.966759, 0.485948, 1.177009, 1.173872, 0.966789, 0.495247, 0.536848, 1.223955, 0.773611, 1.195430, 0.309341, 0.927979, 1.132453, -0.233464, 0.773624, 0.062514, 1.132453, -0.204932, 0.309354, 0.495240, -0.199361 ]
}